Name,Tisch
Anna Müller,1
Peter Müller,1
Sophie Wagner,1
Jonas Wagner,1
Clara Bauer,1
Felix Bauer,1
Lena Schmitt,1
Tobias Schmitt,1
Maria Koch,1
David Koch,1
Emma Fischer,2
Lukas Fischer,2
Hannah Meyer,2
Maximilian Meyer,2
Leonie Hoffmann,2
Tim Hoffmann,2
Mia Schulz,2
Paul Schulz,2
Laura Richter,2
Nico Richter,2
Julia Klein,3
Sebastian Klein,3
Lisa Wolf,3
Florian Wolf,3
Katharina Braun,3
Michael Braun,3
Sarah Zimmermann,3
Andreas Zimmermann,3
Nina Krause,3
Christoph Krause,3
Franziska Lehmann,4
Patrick Lehmann,4
Vanessa Hartmann,4
Markus Hartmann,4
Johanna Lange,4
Christian Lange,4
Isabel Schäfer,4
Dominik Schäfer,4
Tanja Krüger,4
Alexander Krüger,4
Rebecca Walter,5
Stefan Walter,5
Christine Schwarz,5
Dennis Schwarz,5
Melissa Weiß,5
Simon Weiß,5
Alina Peters,5
Kai Peters,5
Bianca Lange,5
René Lange,5
Annalena Neumann,6
Oliver Neumann,6
Miriam Hoffmann,6
Fabian Hoffmann,6
Jasmin Vogt,6
Moritz Vogt,6
Stefanie Schulze,6
Benedikt Schulze,6
Carolin Becker,6
Hendrik Becker,6
